{"epoch": 0, "best": 0, "val_loss": [28.857975196838378, 25.822144355773926, 42.327078857421874], "val_rpn_class_loss": [12.311501293182372, 6.112716937065125, 6.106270847320556], "val_rpn_bbox_loss": [12.438022632598877, 16.718571615219116, 14.76406316280365], "val_mrcnn_class_loss": [3.3351661205291747, 0.3123924332021852, 16.21359329223633], "val_mrcnn_bbox_loss": [0.4579986572265625, 1.1269986057281494, 2.414100613594055], "val_mrcnn_mask_loss": [0.03823468446731568, 0.24403856992721557, 0.43019618511199953], "val_mrcnn_mask_edge_loss": [0.27704797744750975, 1.3074226760864258, 2.39885112285614], "loss": [46.72006607055664, 20.638893604278564, 66.83362007141113], "rpn_class_loss": [16.72688388824463, 4.251622200012207, 9.443355083465576], "rpn_bbox_loss": [10.613579034805298, 10.985737800598145, 19.171566486358643], "mrcnn_class_loss": [19.379600524902344, 2.3039378076791763, 38.2186975479126], "mrcnn_bbox_loss": [0.0, 1.8457485437393188, 0.0], "mrcnn_mask_loss": [0.0, 0.28344565629959106, 0.0], "mrcnn_mask_edge_loss": [0.0, 0.9683982729911804, 0.0]}